"no","before(verbatim)","after(sugesti)"
"1","Jika ditelusuri lebih dalam, akar permasalahan tersebut tidak semata-mata bersifat teknis kebahasaan, melainkan terkait erat dengan lemahnya kemampuan metakognitif dalam keterampilan berbicara. Berbagai studi mutakhir menunjukkan bahwa tanpa regulasi metakognitif yang memadai, mahasiswa tidak memiliki mekanisme reflektif yang jelas untuk meningkatkan kualitas berbicaranya secara berkelanjutan (Zhang et al., 2021). Dalam konteks penelitian ini, kelemahan tersebut tampak pada lima dimensi yang saling terhubung. Pertama, pada tahap conceptualisation, mahasiswa sering berbicara tanpa tujuan komunikasi, struktur isi, dan prioritas gagasan yang jelas. Kedua, pada tahap formulation, mahasiswa belum konsisten memilih kosakata, bentuk kalimat, dan strategi retorika yang sesuai dengan konteks akademik. Ketiga, pada tahap articulation, penyampaian lisan masih belum stabil dari segi kejelasan, intonasi, dan kelancaran. Keempat, pada aspek self-monitoring, mahasiswa belum terbiasa memantau koherensi argumen, kejelasan penjelasan, dan respons audiens ketika berbicara. Kelima, pada aspek self-evaluation, mahasiswa umumnya belum melakukan refleksi sistematis terhadap keberhasilan komunikasi dan bagian yang perlu diperbaiki setelah performa lisan selesai. Kondisi ini menyebabkan peningkatan keterampilan berbicara berlangsung secara coba-coba, bukan melalui proses sadar yang terarah (Arifin, 2025; Darmuki & Hariyadi, 2019; Muhammadpour & Tahriri, 2024).","Jika ditelusuri lebih dalam, akar permasalahan tersebut tidak semata-mata bersifat teknis kebahasaan, tetapi juga berkaitan dengan lemahnya kemampuan metakognitif dalam keterampilan berbicara. Berbagai studi mutakhir menunjukkan bahwa tanpa regulasi metakognitif yang memadai, mahasiswa tidak memiliki mekanisme reflektif yang jelas untuk meningkatkan kualitas berbicaranya secara berkelanjutan (Zhang et al., 2021). Dalam penelitian ini, kelemahan tersebut dipetakan ke dalam lima dimensi yang saling berhubungan. Pertama, pada tahap konseptualisasi (conceptualisation), mahasiswa sering berbicara tanpa tujuan komunikasi, struktur isi, dan prioritas gagasan yang jelas. Kedua, pada tahap formulasi (formulation), mahasiswa belum konsisten memilih kosakata, bentuk kalimat, dan strategi retorika yang sesuai dengan konteks akademik. Ketiga, pada tahap artikulasi (articulation), penyampaian lisan masih belum stabil dari segi kejelasan, intonasi, dan kelancaran. Keempat, pada tahap pemantauan diri (self-monitoring), mahasiswa belum terbiasa memantau koherensi argumen, kejelasan penjelasan, dan respons audiens ketika berbicara. Kelima, pada tahap evaluasi diri (self-evaluation), mahasiswa umumnya belum melakukan refleksi sistematis terhadap keberhasilan komunikasi dan bagian yang perlu diperbaiki setelah performa lisan selesai. Kondisi ini menyebabkan peningkatan keterampilan berbicara berlangsung secara coba-coba, bukan melalui proses sadar yang terarah (Arifin, 2025; Darmuki & Hariyadi, 2019; Muhammadpour & Tahriri, 2024)."
"2","Di sisi lain, observasi awal dan telaah teori pada Bab II menunjukkan bahwa media pembelajaran keterampilan berbicara yang tersedia masih banyak didominasi penyajian teks, penugasan, dan instruksi satu arah. Media semacam ini umumnya belum memberi ruang interaktivitas yang memadai, belum menyediakan latihan berbicara yang terintegrasi dari pemahaman sampai performa lisan, dan belum secara sadar dirancang untuk membantu mahasiswa memantau serta merefleksikan penampilannya. Padahal, pembelajaran berbasis web yang efektif semestinya memanfaatkan kekuatan multimedia, interaksi, dan produksi linguistik secara simultan (Bates, 2015; Chapelle, 2006). Selain itu, tidak banyak media yang secara eksplisit dirancang dengan memperhatikan prinsip-prinsip CTML, seperti segmentasi materi, koherensi tampilan, dan pengelolaan beban kognitif, sehingga potensi media digital untuk mendukung belajar berbicara belum dimanfaatkan secara optimal (Mayer, 2012).","Di sisi lain, hasil observasi awal menunjukkan bahwa media pembelajaran keterampilan berbicara masih banyak didominasi oleh penyajian teks, penugasan, dan instruksi satu arah. Media semacam ini belum secara konsisten menyediakan alur latihan yang menghubungkan pemahaman konsep, penyusunan penjelasan, performa lisan, pemantauan diri, dan refleksi setelah berbicara. Padahal, pembelajaran berbasis web yang efektif semestinya memanfaatkan kekuatan multimedia, interaksi, dan produksi linguistik secara terpadu sesuai dengan tujuan pembelajaran (Bates, 2015; Chapelle, 2006). Media juga perlu dirancang berdasarkan prinsip segmentasi, koherensi, dan pengelolaan beban kognitif agar unsur multimedia tidak hanya memperindah tampilan, tetapi membantu mahasiswa memproses informasi secara lebih terarah (Mayer, 2012)."
"3","Berdasarkan celah penelitian tersebut, penelitian ini mengembangkan media pembelajaran berbasis web microlearning yang terintegrasi dengan Teknik Feynman. Dalam model penelitian ini, kemampuan metakognitif dalam keterampilan berbicara diposisikan sebagai konstruk proses yang menjelaskan bagaimana mahasiswa merencanakan, memantau, dan mengevaluasi latihan berbicara selama menggunakan media. Artinya, media web microlearning berbasis Teknik Feynman dirancang untuk memperkuat lima dimensi metakognitif-berbicara, yaitu conceptualisation, formulation, articulation, self-monitoring, dan self-evaluation, yang selanjutnya mendukung peningkatan performa berbicara mahasiswa. Kebaruan penelitian ini terletak pada tiga aspek utama. Pertama, pengembangan model konseptual yang mengintegrasikan Teknik Feynman dan metakognitif dalam konteks keterampilan berbicara. Kedua, perancangan media web microlearning yang secara sistematis menerapkan tahapan Teknik Feynman, menyediakan latihan berbicara terintegrasi, dan memanfaatkan prinsip CTML sebagai dasar desain multimedia. Ketiga, pengujian empiris model tersebut pada mahasiswa Pendidikan Bahasa dan Sastra Indonesia di perguruan tinggi. Dengan demikian, penelitian ini diharapkan mengisi celah literatur yang ada serta berkontribusi terhadap pengembangan desain pembelajaran digital yang sejalan dengan visi Kampus Berdampak dan prinsip Pembelajaran Mendalam abad ke-21. Oleh karena itu, peneliti mengangkat judul “Pengembangan Web Microlearning Berbasis Teknik Feynman untuk Meningkatkan Kemampuan Metakognitif dalam Keterampilan Berbicara Mahasiswa.”","Berdasarkan celah penelitian tersebut, penelitian ini mengembangkan media pembelajaran berbasis web microlearning yang terintegrasi dengan Teknik Feynman. Kemampuan metakognitif dalam keterampilan berbicara diposisikan sebagai konstruk proses pedagogis yang menjelaskan bagaimana mahasiswa membangun konsep, merumuskan penjelasan, mengartikulasikan gagasan, memantau performa, dan mengevaluasi hasil berbicara selama menggunakan media. Kebaruan penelitian ini terletak pada pengembangan model konseptual yang menghubungkan Teknik Feynman, kemampuan metakognitif, dan keterampilan berbicara; perancangan media web microlearning yang menerapkan tahapan Teknik Feynman dan prinsip CTML; serta evaluasi empiris produk pada mahasiswa Pendidikan Bahasa dan Sastra Indonesia. Model ASSURE dipilih karena tahapannya menghubungkan analisis karakteristik pembelajar, penetapan tujuan, pemilihan metode dan media, pemanfaatan media, pelibatan aktif mahasiswa, serta evaluasi dan revisi produk (Smaldino et al., 2019). Oleh karena itu, peneliti mengangkat judul “Pengembangan Web Microlearning Berbasis Teknik Feynman untuk Meningkatkan Kemampuan Metakognitif dalam Keterampilan Berbicara Mahasiswa.”"
"4","Berdasarkan latar belakang yang telah diuraikan, keterampilan berbicara di pendidikan tinggi tidak hanya berkaitan dengan kemampuan teknis berbahasa, tetapi juga melibatkan dimensi kognitif yang lebih dalam, yakni kemampuan metakognitif. Berikut adalah permasalahan yang berhasil diidentifikasi:","Penelitian ini berfokus pada pengembangan dan evaluasi media web microlearning berbasis Teknik Feynman untuk meningkatkan kemampuan metakognitif dalam keterampilan berbicara mahasiswa Pendidikan Bahasa dan Sastra Indonesia. Fokus tersebut dijabarkan ke dalam empat subfokus penelitian:"
"5","Keterampilan berbicara mahasiswa Pendidikan Bahasa dan Sastra Indonesia belum memenuhi standar yang diharapkan, yang terlihat dari kelemahan dalam mengorganisasi ide, menyampaikan argumentasi secara jelas, serta menerapkan strategi komunikasi yang efektif dalam konteks akademik.","Karakteristik dan kebutuhan belajar mahasiswa dalam pembelajaran keterampilan berbicara berbasis metakognitif."
"6","Kemampuan metakognitif dalam keterampilan berbicara mahasiswa masih lemah, terutama pada dimensi merangkai konsep (conceptualisation), merumuskan gagasan (formulation), mengutarakan dengan jelas (articulation), meninjau kembali diri sendiri (self-monitoring), dan serta mengevaluasi diri (self-evaluation).","Rancangan media web microlearning berbasis Teknik Feynman berdasarkan karakteristik mahasiswa dan tujuan pembelajaran."
"7","Adanya kesenjangan antara pemahaman kognitif yang dimiliki mahasiswa dan kemampuannya mengomunikasikan pemahaman tersebut secara lisan, yang diperparah oleh ketergantungan pada teknologi AI generatif yang menggeser praktik berbicara menjadi aktivitas membaca ulang teks.","Proses pengembangan dan implementasi media berdasarkan tahapan model ASSURE."
"8","Pembelajaran keterampilan berbicara di perguruan tinggi masih lebih menekankan aspek performa akhir dibandingkan proses kognitif-reflektif yang melandasinya, sehingga kesadaran metakognitif belum terintegrasi secara sistematis.","Kelayakan dan efektivitas media berdasarkan penilaian ahli, respons pengguna, dan hasil uji lapangan."
"9","Media pembelajaran keterampilan berbicara yang tersedia masih banyak didominasi teks dan instruksi satu arah, sehingga belum mengakomodasi interaktivitas, latihan berbicara terintegrasi, dan ruang refleksi performa secara memadai.",""
"10","Belum banyak media web untuk keterampilan berbicara yang secara sistematis mengintegrasikan microlearning, Teknik Feynman, dan prinsip CTML untuk mengembangkan kemampuan metakognitif dalam keterampilan berbicara mahasiswa.",""
"11","Penelitian ini dibatasi pada pengembangan dan pengujian media pembelajaran  berbasis web microlearning yang terintegrasi dengan Teknik Feynman. Variabel dalam penelitian ini mencakup:","Penelitian ini dibatasi pada pengembangan dan evaluasi media pembelajaran berbasis web microlearning yang terintegrasi dengan Teknik Feynman. Variabel dalam penelitian ini mencakup:"
"12","Variabel bebas: media pembelajaran berbasis web microlearning yang mengintegrasikan tahapan Teknik Feynman sebagai strategi pembelajaran.","Variabel bebas: media pembelajaran berbasis web microlearning yang mengintegrasikan tahapan Teknik Feynman sebagai strategi pembelajaran."
"13","Variabel proses: kemampuan metakognitif dalam keterampilan berbicara mahasiswa, yang mencakup conceptualisation, formulation, articulation, self-monitoring, dan self-evaluation.","Variabel proses: kemampuan metakognitif dalam keterampilan berbicara mahasiswa, yang mencakup konseptualisasi, formulasi, artikulasi, pemantauan diri, dan evaluasi diri."
"14","Variabel terikat: keterampilan berbicara mahasiswa pada performa lisan akademik, yang dibatasi pada pengorganisasian ide, kejelasan penyampaian, dan strategi komunikasi sesuai konteks audiens.","Variabel terikat: keterampilan berbicara mahasiswa dalam performa lisan akademik, yang diukur berdasarkan aspek-aspek pada rubrik keterampilan berbicara."
"15","Model penelitian ini menempatkan kemampuan metakognitif sebagai konstruk proses yang menyertai penggunaan media dan mendukung peningkatan keterampilan berbicara. Konteks penelitian dibatasi pada mahasiswa Program Studi Pendidikan Bahasa dan Sastra Indonesia di salah satu perguruan tinggi di Indonesia.","Model penelitian ini menempatkan kemampuan metakognitif sebagai konstruk proses pedagogis yang menyertai penggunaan media dan mendukung peningkatan keterampilan berbicara. Posisi tersebut tidak dimaknai sebagai mediator statistik karena penelitian ini tidak melakukan analisis mediasi. Konteks penelitian dibatasi pada mahasiswa Program Studi Pendidikan Bahasa dan Sastra Indonesia di salah satu perguruan tinggi di Indonesia."
"16","Menguji kelayakan media web microlearning berbasis Teknik Feynman berdasarkan penilaian ahli dan respons pengguna.","Mengevaluasi kelayakan media web microlearning berbasis Teknik Feynman berdasarkan penilaian ahli dan respons pengguna."
"17","Menguji efektivitas media web microlearning berbasis Teknik Feynman terhadap peningkatan kemampuan metakognitif dan keterampilan berbicara mahasiswa.","Mengevaluasi efektivitas media web microlearning berbasis Teknik Feynman dalam meningkatkan kemampuan metakognitif dan keterampilan berbicara mahasiswa."
"18","Data literatur diperoleh dari database Google Scholar dan Scopus dengan rentang tahun 2015–2025 menggunakan kata kunci pencarian “microlearning”, “Feynman technique”, “metacognitive skills”, “speaking skills” dan “Indonesian language education”. Berdasarkan pencarian tersebut, diperoleh sebanyak 800 dokumen relevan. Data kemudian diekstraksi dan dianalisis menggunakan perangkat lunak VOSviewer untuk memetakan hubungan tematik antar penelitian. Berdasarkan hasil pemetaan tersebut, diperoleh tiga bentuk visualisasi, yaitu:","Data literatur diperoleh dari database Google Scholar dan Scopus dengan rentang tahun 2015–2025 menggunakan kata kunci pencarian “microlearning”, “Feynman technique”, “metacognitive skills”, “speaking skills” dan “Indonesian language education”. Berdasarkan pencarian tersebut, diperoleh sebanyak 800 dokumen. Data kemudian diekstraksi dan dianalisis menggunakan perangkat lunak VOSviewer untuk memetakan hubungan tematik antarkata kunci. Hasil analisis disajikan melalui visualisasi jaringan pada Gambar 2.4."
"19","Visualisasi bibliometrik ini di atas merupakan hasil analisis terhadap 800 dokumen dari Google Scholar dan Scopus (2015–2025), menggunakan kata kunci seperti “microlearning”, “Feynman technique”, “metacognitive skills”, “speaking skills” dan “Indonesian language education”. Analisis dilakukan dengan VOSviewer dan menghasilkan enam klaster tematik utama yang saling terhubung:","Visualisasi bibliometrik pada Gambar 2.4 merupakan hasil analisis terhadap 800 dokumen dari Google Scholar dan Scopus pada rentang tahun 2015–2025 dengan kata kunci “microlearning”, “Feynman technique”, “metacognitive skills”, “speaking skills” dan “Indonesian language education”. Analisis menggunakan VOSviewer menghasilkan enam klaster tematik yang saling berhubungan."
"20","Pertama, penelitian yang dilakukan oleh  menunjukkan bagaimana penggunaan aplikasi mobile berbasis kecerdasan buatan (AI), yakni Liulishuo, dapat meningkatkan keterampilan berbicara mahasiswa EFL di Tiongkok. Menggunakan desain kuasi-eksperimental selama 10 minggu, kelompok eksperimen diberikan akses terhadap aplikasi Liulishuo, sedangkan kelompok kontrol hanya menggunakan WeChat. Hasil menunjukkan bahwa kelompok eksperimen mengalami peningkatan signifikan dalam kelancaran berbicara dan pelafalan. Namun, aspek kosa kata dan tata bahasa belum menunjukkan perbedaan signifikan secara statistik. Penelitian ini memberikan kontribusi penting bahwa penggunaan teknologi berbasis AI yang menyajikan latihan berbicara interaktif dan umpan balik otomatis dapat memfasilitasi keterampilan berbicara mahasiswa dalam konteks pembelajaran bahasa asing.","Pertama, penelitian Mingyan et al. (2025) menunjukkan bahwa penggunaan aplikasi mobile berbasis kecerdasan buatan, yaitu Liulishuo, dapat meningkatkan keterampilan berbicara mahasiswa EFL di Tiongkok. Menggunakan desain kuasi-eksperimental selama 10 minggu, kelompok eksperimen diberikan akses terhadap aplikasi Liulishuo, sedangkan kelompok kontrol hanya menggunakan WeChat. Hasil menunjukkan bahwa kelompok eksperimen mengalami peningkatan signifikan dalam kelancaran berbicara dan pelafalan. Namun, aspek kosakata dan tata bahasa belum menunjukkan perbedaan signifikan secara statistik. Penelitian ini memberikan bukti bahwa teknologi berbasis kecerdasan buatan yang menyediakan latihan berbicara interaktif dan umpan balik otomatis dapat memfasilitasi keterampilan berbicara mahasiswa dalam konteks pembelajaran bahasa asing."
"21","Selain pengembangan, adapun kajian terkait pemanfaatan media oleh  yang mengkaji efektivitas penggunaan media boneka tangan dalam meningkatkan keterampilan berbicara anak di jenjang usia dini. Penelitian tindakan kelas ini menunjukkan peningkatan hasil belajar dari rata-rata 61,9% menjadi 85,9% setelah intervensi. Meskipun konteks dan jenjang pendidikan berbeda, temuan ini menekankan bahwa media pembelajaran yang dirancang untuk menarik atensi dan mendorong interaksi verbal mampu memberikan hasil yang signifikan terhadap keterampilan berbicara. Namun, pendekatan yang digunakan masih berbasis media konvensional dan belum mengintegrasikan unsur digital atau strategi berpikir tingkat tinggi seperti metakognitif.","Selain media digital, Habibi et al. (2022) mengkaji efektivitas penggunaan media boneka tangan dalam meningkatkan keterampilan berbicara anak usia dini. Penelitian tindakan kelas tersebut menunjukkan peningkatan hasil belajar dari rata-rata 61,9% menjadi 85,9% setelah intervensi. Meskipun konteks dan jenjang pendidikannya berbeda, temuan ini menunjukkan bahwa media yang menarik perhatian dan mendorong interaksi verbal dapat mendukung keterampilan berbicara. Namun, media yang digunakan masih bersifat konvensional dan belum mengintegrasikan teknologi digital atau strategi metakognitif."
"22","Penelitian dilaksanakan di Program Studi Pendidikan Bahasa dan Sastra Indonesia, Institut Keguruan dan Ilmu Pendidikan Siliwangi. Lokasi ini dipilih karena sesuai dengan konteks penelitian, tempat diidentifikasinya masalah dalam kurikulum pembelajarannya menerapkan berbasis digital terpadu.","Penelitian dilaksanakan di Program Studi Pendidikan Bahasa dan Sastra Indonesia, Institut Keguruan dan Ilmu Pendidikan Siliwangi. Lokasi ini dipilih karena menjadi konteks ditemukannya permasalahan keterampilan berbicara dan kemampuan metakognitif mahasiswa serta telah memanfaatkan perangkat digital dalam pembelajaran."
"23","Subjek penelitian disesuaikan dengan kebutuhan setiap tahap pengembangan dan pengujian produk. Subjek penelitian dibagi ke dalam validator ahli, peserta uji coba terbatas, peserta uji coba lebih luas, peserta uji lapangan, dan informan kualitatif.","Subjek penelitian ditetapkan sesuai dengan fungsi setiap tahap pengembangan dan pengujian produk. Subjek penelitian terdiri atas subjek analisis kebutuhan, validator ahli, peserta uji coba terbatas, peserta uji coba lebih luas, peserta uji lapangan, dan informan kualitatif."
"24","Validator dalam penelitian ini terdiri atas ahli materi dan ahli media. Ahli materi merupakan dosen atau pakar yang memiliki kompetensi pada bidang pembelajaran bahasa, keterampilan berbicara, dan substansi materi yang dikembangkan. Ahli media merupakan dosen atau pakar yang memiliki kompetensi dalam desain media pembelajaran digital, antarmuka, dan pengembangan media berbasis web.","Validator produk terdiri atas ahli materi, ahli media, dan ahli bahasa. Ahli materi merupakan dosen atau pakar yang memiliki kompetensi dalam pembelajaran bahasa, keterampilan berbicara, kemampuan metakognitif, atau substansi materi yang dikembangkan. Ahli media merupakan dosen atau pakar yang memiliki kompetensi dalam desain media pembelajaran digital, antarmuka, dan pengembangan media berbasis web. Ahli bahasa merupakan dosen atau pakar bahasa Indonesia yang memiliki kompetensi dalam ketepatan bahasa, keterbacaan bahan ajar, konsistensi istilah, dan kejelasan instruksi pembelajaran."
"25","Tahap ini bertujuan untuk memahami karakteristik mahasiswa yang menjadi target pengembangan media. Analisis dilakukan terhadap lima aspek utama, yaitu kebutuhan belajar, kemampuan awal, gaya belajar, hambatan belajar, dan kebutuhan media. Analisis kebutuhan belajar dilakukan melalui wawancara dengan dosen pengampu dan telaah kurikulum mata kuliah Keterampilan Berbicara. Tahap Analyze Learners dilakukan untuk mengidentifikasi karakteristik mahasiswa sebagai dasar pengembangan media. Analisis mencakup kebutuhan belajar, kemampuan awal, gaya belajar, hambatan belajar, dan kebutuhan media. Data diperoleh melalui wawancara dengan dosen pengampu, observasi kelas, telaah kurikulum, serta angket preferensi belajar mahasiswa. Pembacaan kebutuhan media juga merujuk pada studi awal peneliti tentang preferensi media digital mahasiswa Pendidikan Bahasa dan Sastra Indonesia (Primandhika et al., 2025).","Tahap Analyze Learners bertujuan mengidentifikasi karakteristik mahasiswa sebagai dasar pengembangan media. Analisis mencakup kebutuhan belajar, kemampuan awal, preferensi belajar dan media, hambatan belajar, serta kebutuhan fitur. Data diperoleh melalui wawancara dengan dosen pengampu, observasi kelas, telaah kurikulum, angket preferensi belajar mahasiswa, dan studi awal mengenai preferensi media digital mahasiswa Pendidikan Bahasa dan Sastra Indonesia (Primandhika et al., 2025)."
"26","Lembar validasi digunakan untuk mendapatkan penilaian dari ahli materi dan ahli media terhadap produk yang dikembangkan. VLembar validasi digunakan untuk memperoleh penilaian dari ahli materi dan ahli media. alidasi ini dilakukan untuk memastikan media pembelajaran memenuhi standar kelayakan.","Lembar validasi digunakan untuk memperoleh penilaian ahli terhadap kelayakan produk sebelum memasuki tahap uji coba. Validasi mencakup substansi materi, kualitas media, dan kualitas bahasa. Setiap instrumen menyediakan ruang komentar untuk mendokumentasikan saran perbaikan produk."
"27","Lembar validasi ini bertujuan untuk mengevaluasi kelayakan isi materi dalam media pembelajaran. Aspek yang dinilai pada instrumen ini adalah 1) kesesuaian materi dengan kurikulum yang berlaku di tempat penelitian 2) keakuratan konsep yang disampaikan 3) daya dorong materi untuk meningkatkan pengetahuan mahasiswa. Lembar validasi mencakup indikator kelayakan isi, penyajian dan kebahasaan, dengan skala Likert 1-5. Lembar. ","Lembar validasi ahli materi bertujuan mengevaluasi kelayakan substansi dalam media pembelajaran. Aspek yang dinilai mencakup kelayakan isi, ketepatan konsep, kesesuaian penyajian dengan karakteristik microlearning, keterpaduan Teknik Feynman, relevansi aktivitas dengan tujuan pembelajaran, dan dukungan materi terhadap keterlibatan mahasiswa. Penilaian menggunakan skala 1 sampai 4 dan dilengkapi ruang untuk saran perbaikan."
"28","Lembar validasi ini bertujuan untuk mengevaluasi kelayakan desain media pembelajaran dari aspek teknis dan estetika. Aspek yang dinilai pada instrumen ini secara garis besar mencangkup 1) bentuk media (tata letak, warna, tipografi) 2) kualitas media (ketahanan, kemudahan penggunaan) 3) fungsi media (kemampuan Lembar validasi berisi indikator-indikator kunci yang diukur menggunakan skala Likert 1-5 dan ruang untuk saran perbaikan. mempermudah pembelajaran, relevansi dengan materi). ","Lembar validasi ahli media bertujuan mengevaluasi kualitas teknis, antarmuka, dan fungsi pedagogis media pembelajaran. Aspek yang dinilai mencakup bentuk media, kualitas media, fungsi media dalam pembelajaran, dan kesesuaian penerapan prinsip microlearning. Penilaian menggunakan skala 1 sampai 4 dan dilengkapi ruang untuk saran perbaikan."
"29","Instrumen dinyatakan valid jika nilai V ≥ 0,78 (Azwar, 2016).","Koefisien Aiken’s V dihitung pada setiap butir penilaian dan dibandingkan dengan nilai kritis yang sesuai dengan jumlah validator serta jumlah kategori skala. Nilai tidak dibulatkan terlebih dahulu ketika digunakan untuk menetapkan keputusan validitas."
"30","Pada penelitian ini, lembar validasi ahli menggunakan skala 1 sampai 4 sehingga (l_o = 1) dan (c = 4). Butir atau aspek instrumen dinyatakan memiliki validitas isi yang memadai apabila nilai Aiken’s V mencapai (V 78). Validitas isi instrumen diperoleh dari penilaian 3 validator ahli materi dan 3 validator ahli media, sehingga perhitungan Aiken’s V dapat digunakan untuk membaca tingkat kesepakatan para ahli terhadap relevansi butir, aspek, maupun instrumen secara keseluruhan.","Pada penelitian ini, lembar validasi ahli menggunakan skala 1 sampai 4 sehingga skor terendah adalah 1 dan jumlah kategori skala adalah 4. Validitas isi dianalisis pada tingkat butir, sedangkan nilai per aspek dan keseluruhan instrumen disajikan sebagai ringkasan. Butir yang belum memenuhi nilai kritis direvisi berdasarkan skor dan komentar validator."
"31","Selain validitas isi, validitas empiris dilakukan khusus pada angket kemampuan metakognitif untuk memastikan bahwa butir-butir pernyataan terbukti sahih secara statistik dalam mengukur konstruk metakognitif. Pengujian validitas empiris dilakukan dengan mengorelasikan skor tiap butir dengan skor total (Pearson Product Moment). BValiditas empiris angket metakognitif diuji melalui korelasi item-total Pearson. Butir dinyatakan valid apabila nilai r-hitung lebih besar daripada r-tabel pada taraf signifikansi 5%. Hasil pengujian validitas empiris dilaporkan pada Bab IV.","Selain validitas isi, validitas empiris dilakukan pada angket kemampuan metakognitif untuk memastikan bahwa setiap butir mengukur konstruk yang dimaksud. Validitas empiris diuji melalui korelasi item-total Pearson. Butir dinyatakan valid apabila nilai r-hitung lebih besar daripada r-tabel pada taraf signifikansi 5%. Hasil pengujian validitas empiris dilaporkan pada Bab IV."
"32","Reliabilitas instrumen dilakukan untuk memastikan konsistensi hasil pengukuran. Angket kemampuan metakognitif diuji reliabilitasnya melalui perhitungan konsistensi internal menggunakan koefisien Alpha Cronbach (Cronbach, 1951). Reliabilitas angket metakognitif diuji menggunakan koefisien Alpha Cronbach. Instrumen dinyatakan reliabel apabila nilai koefisien memenuhi ambang reliabilitas yang ditetapkan. Hasil uji reliabilitas dilaporkan pada Bab IV.","Reliabilitas angket kemampuan metakognitif diuji melalui konsistensi internal menggunakan koefisien Alpha Cronbach (Cronbach, 1951). Instrumen dinyatakan reliabel apabila koefisiennya memenuhi ambang yang ditetapkan. Hasil uji reliabilitas dilaporkan pada Bab IV."
"33","Sementara itu, penilaian keterampilan berbicara dilakukan oleh 2 orang penilai (rater) independen untuk menjaga objektivitas skor. Untuk memastikan konsistensi skor di antara kedua penilai, rubrik keterampilan berbicara diuji melalui kesepakatan antarpenilai (inter-rater reliability) menggunakan uji Cohen’s Kappa (Cohen, 1960). Hasil pengujian kesepakatan penilai menunjukkan koefisien Cohen’s Kappa sebesar 0,82, yang berada pada kategori tingkat kesepakatan yang kuat (strong agreement). Dengan demikian, hasil pengukuran performa berbicara terbukti stabil dan dapat dipertanggungjawabkan meskipun dinilai oleh pihak yang berbeda.","Penilaian keterampilan berbicara dilakukan oleh dua penilai independen. Reliabilitas antarpenilai diperiksa untuk memastikan konsistensi pemberian skor. Apabila data dianalisis sebagai kategori ordinal pada setiap indikator, reliabilitas dihitung menggunakan weighted Cohen’s kappa. Apabila analisis menggunakan skor total yang bersifat kontinu, reliabilitas dihitung menggunakan intraclass correlation coefficient. Hasil pengujian reliabilitas antarpenilai dilaporkan pada Bab IV bersama jumlah rekaman yang dinilai, jenis koefisien, nilai koefisien, dan interval kepercayaan."
"34","Bab ini memaparkan temuan dan pembahasan penelitian pengembangan media web microlearning berbasis teknik Feynman untuk meningkatkan kemampuan metakognitif dalam keterampilan berbicara mahasiswa. Penyajian hasil penelitian disusun secara sistematis mengikuti alur penelitian pengembangan dengan model ASSURE yang dipadukan dengan desain mixed methods sequential explanatory. Pembahasan dimulai dari latar penelitian, proses pengembangan produk, hasil validasi, uji coba produk, uji lapangan, temuan kualitatif, integrasi temuan, hingga pembahasan yang menghubungkan hasil penelitian dengan kerangka teoretis.","Bab ini menyajikan temuan penelitian berdasarkan pertanyaan penelitian dan tahapan pengembangan produk. Penyajian dimulai dari karakteristik dan kebutuhan mahasiswa, rancangan media, proses pengembangan dan implementasi, evaluasi kelayakan, evaluasi efektivitas, temuan kualitatif, serta integrasi temuan kuantitatif dan kualitatif. Pembahasan menghubungkan setiap temuan dengan kerangka teoretis dan penelitian yang relevan."
"35","Data kemampuan awal diperoleh melalui observasi di kelas dan wawancara informal dengan mahasiswa serta dosen. Hasil observasi menunjukkan bahwa tingkat keterampilan berbicara dan kemampuan metakognitif mahasiswa bervariasi. Sebagian besar mahasiswa menunjukkan kesulitan pada lima dimensi kemampuan metakognitif dalam berbicara, yaitu (1) membangun tujuan dan isi pembicaraan (conceptualisation), (2) merumuskan penjelasan dan pilihan bahasa (formulation), (3) menjaga kejelasan penyampaian (articulation), (4) memantau performa saat berbicara (self-monitoring), serta (5) mengevaluasi kinerja berbicara setelah selesai (self-evaluation).","Data kemampuan awal diperoleh melalui observasi kelas dan wawancara informal dengan mahasiswa serta dosen. Hasil observasi menunjukkan adanya variasi keterampilan berbicara dan kemampuan metakognitif mahasiswa. Kesulitan yang teridentifikasi berkaitan dengan lima dimensi, yaitu membangun tujuan dan isi pembicaraan melalui konseptualisasi, merumuskan penjelasan dan pilihan bahasa melalui formulasi, menjaga kejelasan penyampaian melalui artikulasi, memantau performa saat berbicara melalui pemantauan diri, serta mengevaluasi kinerja setelah berbicara melalui evaluasi diri."
"36","Sebelum media diujicobakan kepada mahasiswa, produk terlebih dahulu melalui tahap validasi untuk memastikan bahwa substansi materi dan kualitas media telah layak digunakan dalam pembelajaran. Pada tahap ini, penilaian difokuskan pada dua sisi utama, yaitu substansi materi dan kualitas media. Karena itu, validator yang terlibat terdiri atas 3 ahli materi dan 3 ahli media. Penilaian dilakukan menggunakan skala 1 sampai 4, dengan kriteria 1 = kurang baik, 2 = cukup baik, 3 = baik, dan 4 = sangat baik.","Sebelum media diujicobakan kepada mahasiswa, produk terlebih dahulu melalui tahap validasi untuk mengevaluasi kelayakan substansi materi, kualitas media, dan kualitas bahasa. Validator terdiri atas ahli materi, ahli media, dan ahli bahasa. Penilaian menggunakan skala 1 sampai 4, dengan kriteria 1 = kurang baik, 2 = cukup baik, 3 = baik, dan 4 = sangat baik."
"37","Jika dibandingkan dengan validasi materi, hasil validasi media juga menunjukkan gambaran yang positif dan tetap berada pada kategori sangat valid. Media memperoleh skor 166 dari 180 atau setara 92,22%, dengan nilai Aiken’s V keseluruhan 0,896. Artinya, secara umum media telah memenuhi syarat untuk digunakan pada tahap berikutnya, meskipun masih ada beberapa bagian teknis yang perlu dirapikan.","Validasi ahli media memperoleh skor 166 dari 180 atau 92,22%, dengan nilai Aiken’s V keseluruhan sebesar 0,896. Hasil tersebut menunjukkan kelayakan media yang tinggi secara keseluruhan. Namun, keputusan validitas tetap perlu ditelusuri pada nilai setiap aspek, setiap butir, dan komentar validator karena nilai keseluruhan dapat menutupi bagian yang masih memerlukan revisi."
"38","Di sisi lain, aspek kualitas media memperoleh persentase paling rendah, yaitu 83,33%, dengan nilai Aiken’s V 0,778. Nilai ini menunjukkan bahwa kualitas media masih menjadi titik yang paling perlu diperhatikan, terutama pada stabilitas sistem, kemudahan penggunaan, dan potensi gangguan teknis pada beberapa fitur. Sementara itu, fungsi media memperoleh 91,67% dan aspek microlearning mencapai 93,75%, sehingga dapat dikatakan bahwa secara pedagogis media sudah dinilai baik, tetapi pada sisi teknis dan pengalaman penggunaan masih memerlukan penyempurnaan. Dengan demikian, fokus revisi pada aspek media lebih diarahkan pada perbaikan fitur, kejelasan alur penggunaan, kestabilan login, dan konsistensi interaksi pengguna di dalam modul. Catatan dan saran ahli media disajikan pada Tabel 4.5.","Aspek kualitas media memperoleh persentase paling rendah, yaitu 83,33%, dengan nilai Aiken’s V sebesar 0,778. Apabila ambang yang digunakan adalah 0,78, nilai mentah 0,778 belum dapat dinyatakan memenuhi ambang hanya berdasarkan pembulatan. Oleh karena itu, aspek kualitas media diperlakukan sebagai bagian yang memerlukan revisi, terutama pada stabilitas sistem, kemudahan penggunaan, kejelasan alur, kestabilan login, dan konsistensi interaksi pengguna. Sementara itu, fungsi media memperoleh 91,67% dan aspek microlearning memperoleh 93,75%. Catatan dan saran ahli media disajikan pada Tabel 4.5."
"39","Pada uji lapangan, kelompok eksperimen menunjukkan peningkatan yang lebih tinggi dibandingkan kelompok kontrol, baik pada kemampuan metakognitif maupun keterampilan berbicara. Rerata N-gain kemampuan metakognitif pada kelompok eksperimen mencapai 0,648, sedangkan pada kelompok kontrol 0,400. Pada keterampilan berbicara, rerata N-gain kelompok eksperimen mencapai 0,375, sedangkan kelompok kontrol 0,284. Hasil uji beda mendukung bahwa perbedaan peningkatan tersebut bermakna secara statistik. ","Pada uji lapangan, kelompok eksperimen menunjukkan peningkatan yang lebih tinggi daripada kelompok kontrol pada kemampuan metakognitif dan keterampilan berbicara. Rerata N-gain kemampuan metakognitif pada kelompok eksperimen sebesar 0,648, sedangkan pada kelompok kontrol sebesar 0,400. Pada keterampilan berbicara, rerata N-gain kelompok eksperimen sebesar 0,375, sedangkan kelompok kontrol sebesar 0,284. Keputusan efektivitas perlu ditetapkan secara terpisah untuk setiap variabel berdasarkan signifikansi peningkatan, perbandingan N-gain, dan ukuran efek yang telah ditentukan dalam kriteria keberhasilan penelitian."
